RealFirstHalf,RealSecondHalf,PredictedFirstHalf,PredictedSecondHalf
0.0,0.0,0.0,0.0
0.0,0.0,1.0,0.0
1.0,0.0,0.0,0.0
1.0,0.0,1.0,1.0
1.0,1.0,1.0,0.0
0.0,1.0,0.0,0.0
0.0,0.0,1.0,0.0
0.0,1.0,1.0,1.0
0.0,0.0,1.0,0.0
0.0,0.0,0.0,0.0
0.0,0.0,1.0,0.0
1.0,0.0,0.0,0.0
1.0,1.0,1.0,1.0
0.0,0.0,1.0,1.0
0.0,0.0,1.0,1.0
1.0,0.0,0.0,0.0
1.0,0.0,1.0,0.0
1.0,1.0,0.0,0.0
1.0,0.0,1.0,0.0
0.0,1.0,0.0,0.0
0.0,1.0,1.0,1.0
0.0,0.0,1.0,0.0
1.0,1.0,1.0,1.0
0.0,0.0,1.0,0.0
1.0,1.0,1.0,1.0
0.0,1.0,1.0,0.0
0.0,1.0,1.0,1.0
0.0,0.0,0.0,0.0
0.0,0.0,1.0,0.0
0.0,1.0,0.0,0.0
1.0,0.0,1.0,1.0
0.0,1.0,0.0,0.0
1.0,0.0,0.0,0.0
0.0,0.0,1.0,1.0
0.0,0.0,1.0,0.0
0.0,1.0,0.0,1.0
0.0,1.0,1.0,0.0
1.0,1.0,1.0,1.0
1.0,1.0,1.0,1.0
0.0,1.0,1.0,1.0
1.0,1.0,0.0,0.0
0.0,0.0,0.0,0.0
0.0,1.0,0.0,1.0
1.0,0.0,1.0,1.0
1.0,0.0,1.0,0.0
0.0,0.0,0.0,0.0
1.0,1.0,1.0,1.0
0.0,1.0,1.0,1.0
1.0,0.0,1.0,1.0
1.0,0.0,1.0,1.0
1.0,0.0,0.0,0.0
1.0,0.0,0.0,0.0
1.0,0.0,0.0,0.0
1.0,1.0,0.0,0.0
1.0,1.0,1.0,1.0
1.0,1.0,0.0,0.0
0.0,0.0,1.0,0.0
1.0,0.0,1.0,0.0
1.0,1.0,0.0,0.0
1.0,1.0,1.0,0.0
1.0,0.0,1.0,1.0
0.0,1.0,0.0,0.0
1.0,1.0,1.0,1.0
1.0,1.0,0.0,1.0
1.0,1.0,0.0,0.0
1.0,0.0,0.0,0.0
0.0,1.0,1.0,1.0
1.0,0.0,1.0,0.0
1.0,1.0,1.0,1.0
0.0,0.0,0.0,0.0
1.0,1.0,0.0,0.0
1.0,1.0,0.0,0.0
1.0,1.0,1.0,1.0
0.0,0.0,1.0,0.0
0.0,0.0,0.0,0.0
0.0,1.0,1.0,1.0
0.0,0.0,1.0,1.0
0.0,1.0,0.0,0.0
1.0,1.0,1.0,0.0
0.0,1.0,0.0,0.0
0.0,0.0,0.0,0.0
1.0,0.0,1.0,0.0
0.0,0.0,0.0,0.0
1.0,0.0,1.0,1.0
0.0,1.0,1.0,1.0
1.0,0.0,1.0,1.0
1.0,1.0,0.0,0.0
1.0,0.0,1.0,1.0
1.0,0.0,1.0,1.0
1.0,1.0,0.0,0.0
1.0,0.0,1.0,0.0
0.0,0.0,1.0,0.0
1.0,0.0,1.0,0.0
0.0,0.0,1.0,1.0
1.0,0.0,1.0,1.0
0.0,1.0,0.0,1.0
1.0,0.0,0.0,0.0
0.0,0.0,1.0,1.0
1.0,0.0,0.0,0.0
0.0,0.0,1.0,0.0
0.0,1.0,0.0,0.0
0.0,1.0,0.0,0.0
1.0,1.0,1.0,0.0
1.0,0.0,1.0,0.0
0.0,0.0,1.0,0.0
0.0,1.0,0.0,0.0
1.0,0.0,1.0,0.0
0.0,0.0,1.0,0.0
1.0,0.0,1.0,0.0
1.0,1.0,1.0,1.0
0.0,1.0,1.0,1.0
0.0,0.0,1.0,0.0
1.0,0.0,0.0,0.0
1.0,1.0,0.0,0.0
1.0,1.0,1.0,1.0
0.0,1.0,0.0,0.0
1.0,0.0,0.0,1.0
1.0,0.0,1.0,1.0
1.0,0.0,0.0,0.0
0.0,1.0,0.0,0.0
1.0,1.0,1.0,1.0
0.0,0.0,1.0,1.0
0.0,0.0,1.0,0.0
0.0,0.0,1.0,1.0
1.0,1.0,0.0,0.0
1.0,0.0,0.0,0.0
0.0,1.0,0.0,0.0
1.0,0.0,0.0,1.0
1.0,0.0,1.0,1.0
0.0,1.0,1.0,0.0
1.0,1.0,0.0,0.0
0.0,0.0,1.0,0.0
1.0,1.0,1.0,1.0
0.0,1.0,1.0,1.0
0.0,1.0,1.0,1.0
0.0,1.0,1.0,0.0
0.0,0.0,1.0,1.0
0.0,0.0,1.0,0.0
1.0,0.0,1.0,1.0
0.0,1.0,1.0,1.0
0.0,1.0,0.0,1.0
0.0,1.0,0.0,0.0
0.0,0.0,1.0,1.0
0.0,1.0,0.0,0.0
1.0,0.0,1.0,1.0
0.0,1.0,1.0,1.0
1.0,1.0,1.0,1.0
1.0,0.0,1.0,1.0
1.0,1.0,0.0,0.0
1.0,0.0,1.0,1.0
0.0,1.0,1.0,0.0
0.0,0.0,1.0,0.0
0.0,1.0,0.0,0.0
0.0,1.0,0.0,0.0
1.0,1.0,1.0,1.0
0.0,1.0,1.0,1.0
0.0,1.0,1.0,1.0
1.0,1.0,0.0,0.0
1.0,1.0,1.0,0.0
0.0,0.0,1.0,0.0
0.0,0.0,0.0,0.0
1.0,1.0,1.0,1.0
0.0,1.0,1.0,1.0
1.0,0.0,0.0,0.0
1.0,1.0,0.0,0.0
1.0,0.0,1.0,0.0
0.0,0.0,0.0,0.0
1.0,1.0,0.0,0.0
0.0,1.0,1.0,1.0
0.0,1.0,1.0,1.0
0.0,0.0,1.0,0.0
1.0,0.0,0.0,0.0
1.0,0.0,1.0,1.0
1.0,0.0,1.0,1.0
1.0,0.0,1.0,1.0
0.0,1.0,1.0,1.0
0.0,0.0,1.0,1.0
1.0,1.0,1.0,1.0
0.0,1.0,1.0,1.0
1.0,1.0,1.0,1.0
0.0,0.0,1.0,1.0
1.0,1.0,0.0,0.0
0.0,0.0,1.0,1.0
0.0,0.0,1.0,1.0
0.0,0.0,1.0,0.0
0.0,0.0,1.0,1.0
1.0,1.0,1.0,1.0
0.0,0.0,1.0,0.0
0.0,1.0,0.0,0.0
0.0,1.0,1.0,0.0
1.0,0.0,1.0,0.0
1.0,0.0,1.0,1.0
0.0,1.0,1.0,1.0
1.0,1.0,1.0,1.0
1.0,0.0,0.0,0.0
1.0,1.0,1.0,1.0
0.0,0.0,0.0,0.0
1.0,1.0,0.0,0.0
1.0,0.0,1.0,0.0
0.0,1.0,1.0,1.0
0.0,1.0,0.0,1.0
1.0,0.0,1.0,0.0
0.0,0.0,0.0,1.0
0.0,0.0,0.0,1.0
1.0,0.0,0.0,0.0
1.0,1.0,1.0,1.0
0.0,1.0,0.0,0.0
1.0,1.0,1.0,1.0
1.0,1.0,1.0,1.0
1.0,0.0,1.0,1.0
0.0,1.0,1.0,0.0
0.0,0.0,1.0,1.0
0.0,0.0,1.0,1.0
0.0,1.0,0.0,0.0
0.0,1.0,1.0,1.0
1.0,0.0,1.0,1.0
0.0,1.0,0.0,0.0
1.0,1.0,0.0,0.0
0.0,1.0,0.0,0.0
0.0,0.0,1.0,1.0
1.0,0.0,1.0,0.0
1.0,1.0,0.0,0.0
1.0,1.0,0.0,0.0
0.0,1.0,0.0,0.0
1.0,0.0,1.0,1.0
1.0,0.0,1.0,1.0
1.0,1.0,1.0,0.0
0.0,1.0,0.0,0.0
0.0,0.0,0.0,1.0
0.0,0.0,1.0,1.0
1.0,0.0,0.0,0.0
0.0,1.0,1.0,0.0
1.0,1.0,1.0,0.0
1.0,1.0,0.0,0.0
1.0,0.0,0.0,0.0
0.0,0.0,1.0,1.0
1.0,0.0,1.0,1.0
0.0,0.0,0.0,0.0
1.0,0.0,1.0,0.0
0.0,1.0,0.0,0.0
0.0,0.0,1.0,0.0
0.0,1.0,1.0,1.0
0.0,1.0,1.0,1.0
0.0,0.0,0.0,0.0
1.0,1.0,1.0,0.0
0.0,1.0,0.0,0.0
0.0,0.0,1.0,0.0
1.0,0.0,1.0,0.0
0.0,0.0,1.0,0.0
1.0,1.0,0.0,0.0
0.0,0.0,0.0,0.0
1.0,1.0,0.0,0.0
0.0,0.0,1.0,0.0
1.0,1.0,1.0,0.0
0.0,1.0,1.0,0.0
0.0,1.0,1.0,1.0
0.0,0.0,0.0,0.0
1.0,1.0,0.0,0.0
1.0,1.0,0.0,0.0
1.0,0.0,0.0,0.0
1.0,1.0,1.0,1.0
0.0,0.0,1.0,1.0
0.0,0.0,0.0,0.0
1.0,0.0,0.0,0.0
0.0,0.0,0.0,0.0
1.0,0.0,1.0,1.0
0.0,0.0,1.0,0.0
0.0,0.0,0.0,0.0
1.0,0.0,0.0,0.0
1.0,0.0,1.0,1.0
1.0,0.0,1.0,1.0
1.0,1.0,1.0,0.0
1.0,1.0,0.0,1.0
1.0,0.0,1.0,0.0
0.0,1.0,1.0,1.0
1.0,0.0,0.0,1.0
1.0,1.0,1.0,1.0
0.0,1.0,1.0,0.0
0.0,1.0,0.0,0.0
1.0,1.0,0.0,0.0
0.0,1.0,1.0,0.0
0.0,0.0,0.0,0.0
1.0,1.0,0.0,0.0
0.0,0.0,0.0,1.0
0.0,0.0,1.0,0.0
1.0,1.0,1.0,0.0
0.0,1.0,1.0,1.0
1.0,0.0,0.0,0.0
1.0,0.0,1.0,1.0
0.0,0.0,1.0,0.0
0.0,0.0,0.0,0.0
0.0,0.0,0.0,0.0
0.0,1.0,0.0,0.0
1.0,0.0,1.0,1.0
1.0,0.0,0.0,0.0
0.0,0.0,1.0,1.0
0.0,0.0,0.0,0.0
1.0,1.0,0.0,0.0
1.0,1.0,0.0,0.0
0.0,1.0,1.0,1.0
0.0,0.0,0.0,0.0
0.0,1.0,1.0,0.0
0.0,0.0,0.0,0.0
1.0,1.0,1.0,1.0
1.0,1.0,1.0,1.0
1.0,0.0,0.0,1.0
0.0,1.0,0.0,0.0
0.0,0.0,1.0,1.0
1.0,0.0,1.0,0.0
1.0,0.0,0.0,1.0
0.0,0.0,0.0,0.0
1.0,1.0,1.0,1.0
0.0,1.0,1.0,0.0
0.0,0.0,1.0,0.0
0.0,1.0,0.0,0.0
0.0,0.0,1.0,1.0
0.0,0.0,0.0,0.0
0.0,1.0,1.0,0.0
1.0,1.0,0.0,1.0
0.0,0.0,0.0,0.0
1.0,1.0,1.0,0.0
1.0,0.0,1.0,0.0
0.0,1.0,0.0,0.0
0.0,1.0,1.0,0.0
1.0,1.0,0.0,0.0
1.0,0.0,1.0,0.0
1.0,0.0,0.0,1.0
1.0,0.0,1.0,0.0
1.0,0.0,0.0,0.0
1.0,1.0,0.0,0.0
0.0,0.0,1.0,1.0
1.0,1.0,0.0,0.0
0.0,0.0,1.0,1.0
1.0,0.0,0.0,0.0
0.0,0.0,0.0,0.0
1.0,0.0,0.0,0.0
0.0,1.0,1.0,0.0
0.0,1.0,1.0,1.0
0.0,1.0,0.0,0.0
1.0,0.0,0.0,1.0
0.0,0.0,1.0,0.0
0.0,1.0,1.0,1.0
0.0,1.0,0.0,0.0
1.0,0.0,0.0,0.0
1.0,0.0,0.0,0.0
1.0,0.0,1.0,1.0
0.0,1.0,1.0,1.0
0.0,0.0,0.0,0.0
0.0,1.0,1.0,0.0
1.0,0.0,0.0,0.0
1.0,0.0,0.0,0.0
1.0,0.0,0.0,0.0
0.0,1.0,0.0,0.0
1.0,0.0,1.0,1.0
1.0,0.0,0.0,0.0
1.0,0.0,0.0,0.0
1.0,1.0,1.0,1.0
1.0,0.0,0.0,0.0
1.0,0.0,1.0,1.0
1.0,0.0,1.0,0.0
0.0,1.0,1.0,1.0
1.0,0.0,1.0,1.0
1.0,0.0,1.0,0.0
0.0,0.0,0.0,0.0
0.0,0.0,0.0,0.0
1.0,0.0,1.0,0.0
1.0,1.0,1.0,0.0
1.0,1.0,0.0,0.0
1.0,0.0,1.0,0.0
1.0,0.0,0.0,0.0
1.0,0.0,0.0,0.0
1.0,0.0,0.0,0.0
1.0,1.0,0.0,0.0
0.0,0.0,1.0,0.0
1.0,1.0,1.0,1.0
1.0,0.0,0.0,0.0
1.0,1.0,0.0,0.0
0.0,1.0,1.0,0.0
1.0,0.0,1.0,0.0
1.0,1.0,0.0,0.0
0.0,1.0,1.0,0.0
0.0,1.0,1.0,1.0
0.0,0.0,1.0,1.0
0.0,1.0,1.0,0.0
0.0,1.0,0.0,0.0
1.0,0.0,1.0,1.0
0.0,1.0,0.0,0.0
1.0,0.0,1.0,1.0
0.0,1.0,1.0,0.0
0.0,1.0,1.0,1.0
1.0,0.0,1.0,0.0
1.0,0.0,1.0,0.0
1.0,0.0,0.0,1.0
0.0,1.0,1.0,1.0
1.0,1.0,1.0,1.0
0.0,1.0,1.0,0.0
1.0,1.0,0.0,0.0
0.0,1.0,1.0,1.0
0.0,0.0,0.0,0.0
1.0,1.0,0.0,1.0
1.0,1.0,1.0,0.0
1.0,0.0,0.0,0.0
0.0,1.0,1.0,1.0
0.0,1.0,1.0,1.0
0.0,0.0,1.0,1.0
0.0,0.0,0.0,0.0
1.0,0.0,1.0,0.0
1.0,0.0,1.0,1.0
1.0,0.0,1.0,1.0
0.0,0.0,0.0,0.0
1.0,1.0,0.0,0.0
1.0,0.0,0.0,0.0
1.0,1.0,0.0,0.0
1.0,0.0,0.0,1.0
0.0,0.0,0.0,0.0
0.0,1.0,1.0,1.0
0.0,1.0,0.0,0.0
0.0,0.0,1.0,1.0
0.0,0.0,1.0,1.0
0.0,0.0,1.0,1.0
0.0,0.0,1.0,0.0
1.0,0.0,1.0,0.0
1.0,0.0,0.0,0.0
0.0,0.0,1.0,0.0
1.0,1.0,1.0,1.0
1.0,1.0,1.0,1.0
0.0,1.0,1.0,1.0
1.0,1.0,1.0,0.0
0.0,1.0,1.0,1.0
0.0,0.0,0.0,0.0
0.0,0.0,1.0,1.0
0.0,1.0,1.0,1.0
0.0,1.0,1.0,1.0
1.0,0.0,0.0,0.0
1.0,0.0,1.0,1.0
0.0,0.0,1.0,1.0
1.0,1.0,1.0,1.0
0.0,0.0,0.0,0.0
0.0,1.0,0.0,0.0
1.0,0.0,1.0,0.0
1.0,1.0,1.0,1.0
0.0,1.0,0.0,1.0
0.0,1.0,1.0,1.0
0.0,0.0,1.0,1.0
1.0,0.0,1.0,0.0
1.0,0.0,0.0,1.0
0.0,0.0,1.0,0.0
0.0,0.0,1.0,0.0
1.0,0.0,1.0,1.0
1.0,0.0,1.0,1.0
1.0,0.0,1.0,0.0
1.0,1.0,1.0,0.0
0.0,0.0,1.0,0.0
1.0,0.0,1.0,1.0
1.0,1.0,1.0,0.0
0.0,0.0,0.0,0.0
0.0,0.0,0.0,0.0
1.0,1.0,1.0,0.0
1.0,0.0,0.0,0.0
1.0,1.0,0.0,0.0
1.0,0.0,0.0,0.0
1.0,1.0,1.0,1.0
0.0,1.0,0.0,0.0
1.0,0.0,1.0,1.0
0.0,0.0,1.0,1.0
0.0,1.0,1.0,0.0
1.0,0.0,1.0,1.0
0.0,1.0,1.0,1.0
0.0,1.0,1.0,0.0
0.0,0.0,1.0,0.0
0.0,0.0,0.0,0.0
1.0,0.0,0.0,0.0
1.0,0.0,0.0,0.0
1.0,0.0,0.0,0.0
1.0,1.0,0.0,0.0
0.0,1.0,1.0,0.0
1.0,0.0,1.0,0.0
0.0,0.0,0.0,0.0
1.0,1.0,1.0,1.0
0.0,0.0,0.0,1.0
0.0,0.0,1.0,0.0
1.0,1.0,1.0,1.0
0.0,0.0,0.0,0.0
1.0,1.0,1.0,1.0
1.0,1.0,0.0,0.0
1.0,1.0,0.0,0.0
1.0,0.0,1.0,1.0
0.0,0.0,1.0,1.0
0.0,0.0,0.0,1.0
1.0,1.0,1.0,0.0
0.0,0.0,0.0,0.0
0.0,0.0,0.0,0.0
0.0,0.0,0.0,0.0
0.0,1.0,0.0,0.0
1.0,0.0,1.0,1.0
0.0,0.0,1.0,0.0
1.0,0.0,0.0,0.0
0.0,1.0,0.0,0.0
1.0,1.0,1.0,0.0
0.0,0.0,1.0,0.0
1.0,0.0,1.0,0.0
0.0,1.0,1.0,0.0
0.0,1.0,0.0,0.0
1.0,0.0,1.0,0.0
0.0,0.0,1.0,1.0
1.0,1.0,1.0,1.0
0.0,1.0,0.0,0.0
0.0,1.0,1.0,0.0
1.0,0.0,1.0,1.0
0.0,0.0,0.0,0.0
1.0,0.0,0.0,0.0
0.0,1.0,1.0,1.0
1.0,0.0,0.0,0.0
1.0,1.0,0.0,0.0
1.0,1.0,1.0,1.0
0.0,1.0,1.0,0.0
0.0,1.0,1.0,1.0
1.0,1.0,0.0,0.0
1.0,1.0,0.0,0.0
1.0,0.0,0.0,0.0
1.0,1.0,1.0,1.0
1.0,0.0,0.0,0.0
0.0,0.0,0.0,0.0
0.0,0.0,0.0,0.0
0.0,1.0,0.0,0.0
1.0,0.0,0.0,1.0
1.0,1.0,1.0,0.0
0.0,0.0,0.0,0.0
1.0,0.0,1.0,1.0
0.0,1.0,0.0,0.0
0.0,1.0,1.0,1.0
0.0,1.0,1.0,1.0
1.0,0.0,1.0,1.0
1.0,1.0,0.0,0.0
0.0,0.0,0.0,0.0
0.0,1.0,0.0,0.0
0.0,1.0,0.0,1.0
1.0,0.0,0.0,0.0
1.0,0.0,1.0,1.0
0.0,1.0,1.0,1.0
1.0,0.0,0.0,0.0
0.0,1.0,0.0,0.0
1.0,1.0,1.0,1.0
0.0,0.0,0.0,0.0
0.0,0.0,1.0,0.0
0.0,1.0,1.0,1.0
1.0,1.0,0.0,0.0
1.0,1.0,1.0,0.0
0.0,0.0,0.0,1.0
1.0,0.0,0.0,1.0
0.0,1.0,1.0,0.0
0.0,0.0,1.0,1.0
1.0,0.0,1.0,1.0
0.0,1.0,1.0,1.0
1.0,0.0,1.0,0.0
1.0,1.0,1.0,1.0
0.0,0.0,1.0,0.0
1.0,1.0,0.0,1.0
1.0,0.0,0.0,0.0
1.0,1.0,1.0,0.0
0.0,0.0,0.0,0.0
1.0,1.0,1.0,0.0
1.0,0.0,0.0,1.0
0.0,1.0,1.0,0.0
1.0,1.0,1.0,0.0
0.0,0.0,0.0,0.0
1.0,1.0,1.0,1.0
0.0,0.0,1.0,0.0
1.0,0.0,1.0,1.0
0.0,1.0,1.0,1.0
0.0,1.0,0.0,0.0
0.0,1.0,0.0,0.0
0.0,0.0,1.0,0.0
0.0,0.0,1.0,1.0
0.0,1.0,1.0,0.0
1.0,0.0,0.0,0.0
1.0,0.0,1.0,0.0
0.0,1.0,1.0,0.0
1.0,1.0,1.0,0.0
0.0,1.0,1.0,1.0
1.0,0.0,1.0,1.0
0.0,1.0,1.0,0.0
0.0,1.0,1.0,1.0
0.0,0.0,1.0,1.0
1.0,1.0,1.0,0.0
1.0,0.0,0.0,0.0
0.0,1.0,0.0,0.0
0.0,1.0,1.0,1.0
1.0,0.0,0.0,1.0
1.0,0.0,1.0,0.0
0.0,1.0,0.0,0.0
1.0,1.0,0.0,0.0
0.0,1.0,1.0,0.0
0.0,1.0,0.0,1.0
1.0,1.0,0.0,0.0
0.0,1.0,1.0,0.0
0.0,0.0,1.0,0.0
1.0,0.0,0.0,0.0
1.0,0.0,1.0,0.0
1.0,0.0,1.0,1.0
1.0,1.0,0.0,0.0
0.0,1.0,0.0,0.0
0.0,0.0,1.0,1.0
0.0,0.0,0.0,0.0
1.0,1.0,1.0,1.0
0.0,0.0,1.0,1.0
1.0,0.0,1.0,1.0
1.0,1.0,0.0,0.0
1.0,1.0,1.0,1.0
0.0,0.0,0.0,0.0
1.0,0.0,0.0,0.0
1.0,1.0,0.0,0.0
1.0,0.0,0.0,0.0
0.0,0.0,1.0,0.0
0.0,1.0,1.0,1.0
1.0,0.0,0.0,0.0
1.0,0.0,0.0,0.0
0.0,1.0,1.0,1.0
0.0,1.0,1.0,1.0
0.0,0.0,0.0,0.0
1.0,1.0,1.0,1.0
0.0,1.0,0.0,0.0
1.0,1.0,0.0,0.0
1.0,0.0,0.0,0.0
0.0,1.0,0.0,1.0
1.0,1.0,0.0,0.0
1.0,0.0,1.0,0.0
1.0,0.0,1.0,1.0
0.0,0.0,0.0,0.0
1.0,0.0,1.0,0.0
1.0,0.0,1.0,0.0
0.0,0.0,1.0,1.0
0.0,0.0,0.0,0.0
0.0,1.0,0.0,1.0
1.0,0.0,0.0,0.0
1.0,0.0,0.0,1.0
1.0,1.0,1.0,1.0
0.0,0.0,1.0,0.0
0.0,1.0,1.0,1.0
0.0,1.0,0.0,0.0
1.0,0.0,0.0,0.0
1.0,0.0,0.0,0.0
1.0,1.0,0.0,0.0
1.0,0.0,1.0,0.0
1.0,0.0,1.0,0.0
1.0,1.0,0.0,0.0
0.0,1.0,1.0,1.0
1.0,0.0,1.0,1.0
1.0,1.0,1.0,1.0
1.0,0.0,1.0,1.0
1.0,1.0,1.0,1.0
0.0,0.0,0.0,0.0
0.0,1.0,1.0,1.0
1.0,0.0,1.0,1.0
1.0,0.0,1.0,1.0
1.0,1.0,0.0,0.0
1.0,0.0,1.0,0.0
0.0,1.0,0.0,0.0
1.0,0.0,1.0,0.0
0.0,0.0,0.0,0.0
1.0,0.0,0.0,0.0
0.0,1.0,0.0,0.0
0.0,1.0,0.0,0.0
1.0,0.0,0.0,0.0
0.0,0.0,1.0,1.0
0.0,1.0,1.0,1.0
0.0,1.0,0.0,0.0
0.0,1.0,1.0,1.0
0.0,1.0,1.0,1.0
0.0,1.0,1.0,1.0
0.0,1.0,0.0,0.0
1.0,1.0,0.0,1.0
0.0,0.0,1.0,1.0
0.0,1.0,0.0,0.0
1.0,1.0,0.0,0.0
1.0,0.0,1.0,0.0
0.0,0.0,0.0,0.0
1.0,0.0,1.0,0.0
1.0,0.0,1.0,0.0
0.0,1.0,0.0,1.0
0.0,1.0,1.0,1.0
0.0,1.0,1.0,0.0
1.0,1.0,1.0,1.0
0.0,1.0,1.0,1.0
0.0,1.0,1.0,0.0
0.0,1.0,1.0,0.0
1.0,1.0,1.0,0.0
0.0,0.0,1.0,0.0
1.0,0.0,1.0,1.0
1.0,1.0,1.0,1.0
0.0,1.0,1.0,0.0
1.0,0.0,1.0,1.0
1.0,0.0,1.0,0.0
1.0,1.0,0.0,0.0
0.0,0.0,0.0,0.0
0.0,1.0,1.0,1.0
1.0,0.0,1.0,1.0
1.0,0.0,0.0,0.0
0.0,0.0,0.0,1.0
0.0,0.0,1.0,0.0
1.0,0.0,1.0,1.0
1.0,0.0,0.0,1.0
0.0,0.0,0.0,0.0
0.0,1.0,1.0,1.0
1.0,0.0,0.0,0.0
0.0,1.0,1.0,1.0
1.0,0.0,1.0,1.0
0.0,1.0,1.0,1.0
1.0,0.0,0.0,0.0
0.0,1.0,1.0,1.0
1.0,1.0,1.0,0.0
0.0,1.0,0.0,0.0
0.0,1.0,1.0,0.0
0.0,0.0,0.0,0.0
0.0,1.0,0.0,0.0
0.0,1.0,1.0,1.0
0.0,0.0,1.0,0.0
0.0,1.0,1.0,1.0
1.0,1.0,1.0,1.0
1.0,1.0,0.0,0.0
0.0,1.0,1.0,1.0
0.0,1.0,1.0,1.0
0.0,1.0,1.0,0.0
0.0,0.0,1.0,0.0
1.0,0.0,0.0,0.0
0.0,1.0,1.0,0.0
0.0,1.0,1.0,1.0
0.0,1.0,0.0,0.0
0.0,0.0,1.0,0.0
1.0,1.0,1.0,1.0
1.0,1.0,1.0,1.0
0.0,0.0,0.0,0.0
0.0,0.0,1.0,0.0
0.0,1.0,0.0,0.0
1.0,1.0,1.0,0.0
0.0,1.0,1.0,1.0
0.0,0.0,1.0,1.0
1.0,1.0,1.0,1.0
0.0,0.0,0.0,0.0
1.0,1.0,1.0,1.0
1.0,1.0,1.0,0.0
0.0,1.0,1.0,0.0
0.0,0.0,1.0,0.0
1.0,0.0,1.0,1.0
0.0,0.0,1.0,1.0
0.0,1.0,1.0,0.0
1.0,1.0,0.0,0.0
1.0,0.0,0.0,0.0
1.0,1.0,1.0,0.0
0.0,1.0,0.0,1.0
0.0,1.0,1.0,0.0
1.0,0.0,0.0,0.0
0.0,1.0,0.0,0.0
1.0,1.0,0.0,1.0
1.0,0.0,1.0,1.0
1.0,1.0,1.0,1.0
1.0,1.0,1.0,0.0
1.0,0.0,1.0,1.0
0.0,1.0,1.0,1.0
0.0,1.0,0.0,0.0
1.0,0.0,1.0,1.0
0.0,0.0,0.0,0.0
1.0,1.0,1.0,0.0
1.0,0.0,0.0,0.0
0.0,0.0,1.0,1.0
1.0,1.0,1.0,1.0
1.0,1.0,1.0,1.0
0.0,0.0,0.0,0.0
0.0,0.0,0.0,0.0
1.0,1.0,0.0,1.0
1.0,0.0,1.0,1.0
1.0,1.0,0.0,1.0
0.0,1.0,1.0,0.0
1.0,1.0,1.0,1.0
0.0,1.0,0.0,0.0
1.0,0.0,1.0,1.0
0.0,1.0,0.0,1.0
1.0,0.0,1.0,1.0
0.0,0.0,0.0,0.0
1.0,1.0,0.0,0.0
0.0,1.0,0.0,0.0
0.0,1.0,1.0,1.0
1.0,1.0,1.0,1.0
0.0,1.0,1.0,1.0
1.0,1.0,0.0,0.0
1.0,1.0,1.0,1.0
0.0,1.0,1.0,1.0
1.0,1.0,1.0,0.0
1.0,0.0,1.0,0.0
0.0,1.0,1.0,1.0
0.0,0.0,1.0,1.0
1.0,1.0,1.0,1.0
0.0,0.0,1.0,0.0
1.0,1.0,0.0,0.0
0.0,1.0,0.0,0.0
0.0,1.0,1.0,0.0
0.0,1.0,1.0,1.0
1.0,0.0,1.0,0.0
1.0,1.0,0.0,0.0
0.0,0.0,1.0,0.0
0.0,1.0,0.0,0.0
0.0,1.0,0.0,0.0
1.0,0.0,0.0,0.0
0.0,0.0,1.0,1.0
1.0,0.0,1.0,0.0
1.0,1.0,1.0,0.0
0.0,0.0,0.0,0.0
1.0,0.0,1.0,0.0
1.0,1.0,1.0,0.0
0.0,1.0,0.0,0.0
1.0,0.0,1.0,0.0
0.0,0.0,0.0,0.0
1.0,1.0,0.0,0.0
0.0,0.0,0.0,0.0
1.0,0.0,1.0,1.0
1.0,1.0,1.0,1.0
1.0,0.0,0.0,0.0
0.0,1.0,1.0,1.0
0.0,1.0,1.0,0.0
1.0,0.0,1.0,1.0
1.0,0.0,0.0,0.0
0.0,0.0,1.0,1.0
1.0,0.0,0.0,0.0
0.0,0.0,0.0,0.0
1.0,1.0,1.0,0.0
1.0,1.0,0.0,0.0
0.0,0.0,1.0,1.0
0.0,1.0,1.0,1.0
1.0,0.0,0.0,1.0
1.0,0.0,0.0,0.0
0.0,0.0,1.0,1.0
1.0,1.0,0.0,0.0
1.0,0.0,1.0,0.0
0.0,1.0,1.0,1.0
0.0,0.0,1.0,1.0
0.0,1.0,1.0,0.0
0.0,1.0,1.0,1.0
0.0,0.0,1.0,1.0
0.0,0.0,1.0,0.0
1.0,1.0,1.0,0.0
1.0,1.0,1.0,0.0
1.0,1.0,1.0,1.0
0.0,0.0,1.0,0.0
1.0,0.0,1.0,1.0
1.0,1.0,0.0,0.0
1.0,1.0,0.0,0.0
0.0,1.0,0.0,0.0
0.0,1.0,1.0,0.0
0.0,0.0,0.0,0.0
1.0,0.0,0.0,1.0
1.0,1.0,0.0,0.0
0.0,0.0,0.0,0.0
0.0,1.0,1.0,1.0
0.0,1.0,1.0,0.0
1.0,1.0,1.0,1.0
1.0,1.0,0.0,0.0
0.0,1.0,0.0,1.0
0.0,1.0,1.0,1.0
0.0,1.0,1.0,1.0
0.0,0.0,1.0,1.0
0.0,1.0,1.0,1.0
0.0,1.0,0.0,0.0
1.0,0.0,0.0,0.0
0.0,1.0,1.0,1.0
1.0,0.0,1.0,1.0
0.0,0.0,1.0,1.0
0.0,1.0,0.0,0.0
1.0,0.0,1.0,1.0
1.0,0.0,1.0,0.0
1.0,0.0,1.0,0.0
0.0,0.0,0.0,1.0
0.0,1.0,0.0,0.0
1.0,0.0,1.0,0.0
0.0,0.0,1.0,0.0
1.0,0.0,1.0,0.0
1.0,0.0,1.0,1.0
1.0,1.0,1.0,0.0
0.0,1.0,1.0,1.0
