row,room,capacity,date,nineToEleven,attendanceNineToEleven,elevenToOne,attendanceElevenToOne,oneToThree,attendanceOneToThree,threeToFive,attendanceThreeToFive,day_of_week,month,week_of_year,total_booked_desks_first_half,total_booked_desks_second_half
1,Pit-Lane,4,2024-01-01,1,2.0,1,3.0,0,0.0,0,0.0,0,1,1,67,59
2,Dry-lane,4,2024-01-01,1,4.0,0,0.0,0,0.0,0,0.0,0,1,1,67,59
3,Joker Lap,4,2024-01-01,1,4.0,0,0.0,1,4.0,0,0.0,0,1,1,67,59
4,Quick 8,8,2024-01-01,1,7.0,0,0.0,1,8.0,0,0.0,0,1,1,67,59
5,Pole Position,20,2024-01-01,0,0.0,1,14.0,1,15.0,1,16.0,0,1,1,67,59
6,Cockpit,10,2024-01-01,0,0.0,0,0.0,1,8.0,0,0.0,0,1,1,67,59
7,Pit-Lane,4,2024-01-02,0,0.0,1,4.0,0,0.0,0,0.0,1,1,1,60,68
8,Dry-lane,4,2024-01-02,1,3.0,1,3.0,1,3.0,1,4.0,1,1,1,60,68
9,Joker Lap,4,2024-01-02,0,0.0,1,3.0,0,0.0,0,0.0,1,1,1,60,68
10,Quick 8,8,2024-01-02,0,0.0,1,7.0,0,0.0,0,0.0,1,1,1,60,68
11,Pole Position,20,2024-01-02,1,13.0,1,16.0,1,12.0,0,0.0,1,1,1,60,68
12,Cockpit,10,2024-01-02,1,8.0,1,10.0,0,0.0,1,8.0,1,1,1,60,68
13,Pit-Lane,4,2024-01-03,0,0.0,1,3.0,0,0.0,1,3.0,2,1,1,72,71
14,Dry-lane,4,2024-01-03,0,0.0,1,3.0,1,4.0,1,4.0,2,1,1,72,71
15,Joker Lap,4,2024-01-03,1,2.0,1,3.0,1,3.0,0,0.0,2,1,1,72,71
16,Quick 8,8,2024-01-03,0,0.0,1,6.0,1,6.0,1,5.0,2,1,1,72,71
17,Pole Position,20,2024-01-03,1,19.0,0,0.0,0,0.0,0,0.0,2,1,1,72,71
18,Cockpit,10,2024-01-03,0,0.0,0,0.0,1,10.0,0,0.0,2,1,1,72,71
19,Pit-Lane,4,2024-01-04,1,3.0,1,4.0,0,0.0,0,0.0,3,1,1,73,65
20,Dry-lane,4,2024-01-04,1,4.0,1,3.0,1,2.0,1,2.0,3,1,1,73,65
21,Joker Lap,4,2024-01-04,0,0.0,0,0.0,1,3.0,1,3.0,3,1,1,73,65
22,Quick 8,8,2024-01-04,1,7.0,1,6.0,1,5.0,1,8.0,3,1,1,73,65
23,Pole Position,20,2024-01-04,0,0.0,1,16.0,1,14.0,0,0.0,3,1,1,73,65
24,Cockpit,10,2024-01-04,0,0.0,0,0.0,1,7.0,0,0.0,3,1,1,73,65
25,Pit-Lane,4,2024-01-05,0,0.0,0,0.0,1,3.0,1,2.0,4,1,1,69,64
26,Dry-lane,4,2024-01-05,0,0.0,0,0.0,1,3.0,0,0.0,4,1,1,69,64
27,Joker Lap,4,2024-01-05,0,0.0,1,3.0,1,3.0,1,2.0,4,1,1,69,64
28,Quick 8,8,2024-01-05,1,6.0,1,5.0,0,0.0,0,0.0,4,1,1,69,64
29,Pole Position,20,2024-01-05,1,17.0,0,0.0,1,15.0,0,0.0,4,1,1,69,64
30,Cockpit,10,2024-01-05,0,0.0,1,10.0,0,0.0,0,0.0,4,1,1,69,64
31,Pit-Lane,4,2024-01-08,1,2.0,1,3.0,1,3.0,0,0.0,0,1,2,69,65
32,Dry-lane,4,2024-01-08,0,0.0,1,3.0,0,0.0,1,3.0,0,1,2,69,65
33,Joker Lap,4,2024-01-08,1,2.0,0,0.0,0,0.0,1,4.0,0,1,2,69,65
34,Quick 8,8,2024-01-08,0,0.0,0,0.0,1,8.0,1,7.0,0,1,2,69,65
35,Pole Position,20,2024-01-08,1,18.0,0,0.0,1,10.0,0,0.0,0,1,2,69,65
36,Cockpit,10,2024-01-08,0,0.0,1,10.0,1,10.0,1,9.0,0,1,2,69,65
37,Pit-Lane,4,2024-01-09,1,4.0,0,0.0,0,0.0,1,3.0,1,1,2,69,67
38,Dry-lane,4,2024-01-09,1,3.0,1,3.0,0,0.0,0,0.0,1,1,2,69,67
39,Joker Lap,4,2024-01-09,1,3.0,0,0.0,0,0.0,0,0.0,1,1,2,69,67
40,Quick 8,8,2024-01-09,1,5.0,1,5.0,1,5.0,1,8.0,1,1,2,69,67
41,Pole Position,20,2024-01-09,1,18.0,0,0.0,1,12.0,0,0.0,1,1,2,69,67
42,Cockpit,10,2024-01-09,0,0.0,0,0.0,1,5.0,0,0.0,1,1,2,69,67
43,Pit-Lane,4,2024-01-10,1,2.0,0,0.0,0,0.0,1,2.0,2,1,2,70,65
44,Dry-lane,4,2024-01-10,0,0.0,0,0.0,0,0.0,0,0.0,2,1,2,70,65
45,Joker Lap,4,2024-01-10,0,0.0,1,3.0,0,0.0,1,3.0,2,1,2,70,65
46,Quick 8,8,2024-01-10,1,4.0,0,0.0,1,5.0,0,0.0,2,1,2,70,65
47,Pole Position,20,2024-01-10,0,0.0,0,0.0,0,0.0,0,0.0,2,1,2,70,65
48,Cockpit,10,2024-01-10,1,5.0,0,0.0,1,6.0,1,8.0,2,1,2,70,65
49,Pit-Lane,4,2024-01-11,0,0.0,0,0.0,0,0.0,1,4.0,3,1,2,64,67
50,Dry-lane,4,2024-01-11,0,0.0,1,3.0,1,2.0,0,0.0,3,1,2,64,67
51,Joker Lap,4,2024-01-11,0,0.0,0,0.0,1,3.0,0,0.0,3,1,2,64,67
52,Quick 8,8,2024-01-11,1,5.0,0,0.0,1,8.0,1,4.0,3,1,2,64,67
53,Pole Position,20,2024-01-11,0,0.0,0,0.0,1,19.0,0,0.0,3,1,2,64,67
54,Cockpit,10,2024-01-11,0,0.0,1,8.0,1,5.0,1,9.0,3,1,2,64,67
55,Pit-Lane,4,2024-01-12,1,3.0,1,4.0,1,4.0,1,3.0,4,1,2,65,72
56,Dry-lane,4,2024-01-12,1,3.0,1,3.0,1,2.0,0,0.0,4,1,2,65,72
57,Joker Lap,4,2024-01-12,0,0.0,0,0.0,1,3.0,1,3.0,4,1,2,65,72
58,Quick 8,8,2024-01-12,1,5.0,1,7.0,0,0.0,0,0.0,4,1,2,65,72
59,Pole Position,20,2024-01-12,0,0.0,0,0.0,0,0.0,1,20.0,4,1,2,65,72
60,Cockpit,10,2024-01-12,1,9.0,0,0.0,1,8.0,1,8.0,4,1,2,65,72
61,Pit-Lane,4,2024-01-15,0,0.0,1,4.0,1,2.0,1,3.0,0,1,3,70,60
62,Dry-lane,4,2024-01-15,0,0.0,0,0.0,1,3.0,0,0.0,0,1,3,70,60
63,Joker Lap,4,2024-01-15,0,0.0,1,3.0,1,3.0,1,4.0,0,1,3,70,60
64,Quick 8,8,2024-01-15,0,0.0,1,7.0,0,0.0,1,7.0,0,1,3,70,60
65,Pole Position,20,2024-01-15,1,15.0,0,0.0,1,16.0,0,0.0,0,1,3,70,60
66,Cockpit,10,2024-01-15,0,0.0,1,6.0,1,9.0,1,9.0,0,1,3,70,60
67,Pit-Lane,4,2024-01-16,0,0.0,0,0.0,1,3.0,1,3.0,1,1,3,77,58
68,Dry-lane,4,2024-01-16,1,4.0,1,3.0,1,3.0,1,3.0,1,1,3,77,58
69,Joker Lap,4,2024-01-16,1,2.0,0,0.0,1,3.0,0,0.0,1,1,3,77,58
70,Quick 8,8,2024-01-16,0,0.0,1,5.0,0,0.0,1,8.0,1,1,3,77,58
71,Pole Position,20,2024-01-16,0,0.0,0,0.0,1,16.0,0,0.0,1,1,3,77,58
72,Cockpit,10,2024-01-16,1,9.0,0,0.0,0,0.0,0,0.0,1,1,3,77,58
73,Pit-Lane,4,2024-01-17,0,0.0,1,3.0,1,3.0,0,0.0,2,1,3,56,63
74,Dry-lane,4,2024-01-17,1,4.0,1,3.0,1,2.0,1,4.0,2,1,3,56,63
75,Joker Lap,4,2024-01-17,1,2.0,0,0.0,0,0.0,0,0.0,2,1,3,56,63
76,Quick 8,8,2024-01-17,0,0.0,1,4.0,1,7.0,0,0.0,2,1,3,56,63
77,Pole Position,20,2024-01-17,0,0.0,1,13.0,1,12.0,1,20.0,2,1,3,56,63
78,Cockpit,10,2024-01-17,0,0.0,1,8.0,1,5.0,1,7.0,2,1,3,56,63
79,Pit-Lane,4,2024-01-18,0,0.0,0,0.0,0,0.0,1,2.0,3,1,3,75,77
80,Dry-lane,4,2024-01-18,0,0.0,0,0.0,1,3.0,1,3.0,3,1,3,75,77
81,Joker Lap,4,2024-01-18,0,0.0,1,3.0,1,3.0,0,0.0,3,1,3,75,77
82,Quick 8,8,2024-01-18,1,4.0,0,0.0,0,0.0,0,0.0,3,1,3,75,77
83,Pole Position,20,2024-01-18,1,14.0,0,0.0,1,15.0,0,0.0,3,1,3,75,77
84,Cockpit,10,2024-01-18,0,0.0,1,7.0,0,0.0,0,0.0,3,1,3,75,77
85,Pit-Lane,4,2024-01-19,1,2.0,1,3.0,1,3.0,1,4.0,4,1,3,75,76
86,Dry-lane,4,2024-01-19,0,0.0,0,0.0,0,0.0,1,3.0,4,1,3,75,76
87,Joker Lap,4,2024-01-19,1,2.0,1,4.0,1,4.0,0,0.0,4,1,3,75,76
88,Quick 8,8,2024-01-19,1,7.0,0,0.0,0,0.0,1,8.0,4,1,3,75,76
89,Pole Position,20,2024-01-19,0,0.0,1,13.0,0,0.0,0,0.0,4,1,3,75,76
90,Cockpit,10,2024-01-19,1,7.0,1,8.0,1,5.0,0,0.0,4,1,3,75,76
91,Pit-Lane,4,2024-01-22,1,4.0,1,4.0,1,3.0,0,0.0,0,1,4,77,74
92,Dry-lane,4,2024-01-22,1,3.0,0,0.0,0,0.0,0,0.0,0,1,4,77,74
93,Joker Lap,4,2024-01-22,0,0.0,1,2.0,1,4.0,0,0.0,0,1,4,77,74
94,Quick 8,8,2024-01-22,0,0.0,1,8.0,1,4.0,0,0.0,0,1,4,77,74
95,Pole Position,20,2024-01-22,0,0.0,0,0.0,1,18.0,1,15.0,0,1,4,77,74
96,Cockpit,10,2024-01-22,0,0.0,1,6.0,1,8.0,1,8.0,0,1,4,77,74
97,Pit-Lane,4,2024-01-23,0,0.0,1,4.0,1,3.0,0,0.0,1,1,4,70,63
98,Dry-lane,4,2024-01-23,0,0.0,0,0.0,1,2.0,1,2.0,1,1,4,70,63
99,Joker Lap,4,2024-01-23,1,2.0,0,0.0,0,0.0,1,2.0,1,1,4,70,63
100,Quick 8,8,2024-01-23,1,6.0,1,7.0,1,7.0,0,0.0,1,1,4,70,63
101,Pole Position,20,2024-01-23,0,0.0,0,0.0,0,0.0,1,11.0,1,1,4,70,63
102,Cockpit,10,2024-01-23,0,0.0,1,6.0,1,6.0,0,0.0,1,1,4,70,63
103,Pit-Lane,4,2024-01-24,1,3.0,1,3.0,0,0.0,1,3.0,2,1,4,70,66
104,Dry-lane,4,2024-01-24,0,0.0,0,0.0,0,0.0,0,0.0,2,1,4,70,66
105,Joker Lap,4,2024-01-24,1,2.0,0,0.0,0,0.0,0,0.0,2,1,4,70,66
106,Quick 8,8,2024-01-24,1,6.0,1,5.0,0,0.0,0,0.0,2,1,4,70,66
107,Pole Position,20,2024-01-24,1,19.0,1,18.0,1,13.0,0,0.0,2,1,4,70,66
108,Cockpit,10,2024-01-24,1,5.0,1,8.0,1,10.0,1,7.0,2,1,4,70,66
109,Pit-Lane,4,2024-01-25,1,2.0,0,0.0,0,0.0,1,4.0,3,1,4,71,69
110,Dry-lane,4,2024-01-25,1,4.0,0,0.0,1,3.0,1,4.0,3,1,4,71,69
111,Joker Lap,4,2024-01-25,0,0.0,1,3.0,1,3.0,1,4.0,3,1,4,71,69
112,Quick 8,8,2024-01-25,0,0.0,0,0.0,0,0.0,0,0.0,3,1,4,71,69
113,Pole Position,20,2024-01-25,1,11.0,1,10.0,0,0.0,1,13.0,3,1,4,71,69
114,Cockpit,10,2024-01-25,1,6.0,0,0.0,1,7.0,0,0.0,3,1,4,71,69
115,Pit-Lane,4,2024-01-26,0,0.0,0,0.0,1,2.0,1,4.0,4,1,4,73,69
116,Dry-lane,4,2024-01-26,0,0.0,0,0.0,0,0.0,1,3.0,4,1,4,73,69
117,Joker Lap,4,2024-01-26,1,2.0,0,0.0,0,0.0,1,3.0,4,1,4,73,69
118,Quick 8,8,2024-01-26,0,0.0,1,7.0,0,0.0,1,8.0,4,1,4,73,69
119,Pole Position,20,2024-01-26,0,0.0,0,0.0,0,0.0,1,15.0,4,1,4,73,69
120,Cockpit,10,2024-01-26,0,0.0,1,8.0,1,10.0,0,0.0,4,1,4,73,69
121,Pit-Lane,4,2024-01-29,0,0.0,1,4.0,1,2.0,1,4.0,0,1,5,58,55
122,Dry-lane,4,2024-01-29,0,0.0,1,3.0,1,3.0,0,0.0,0,1,5,58,55
123,Joker Lap,4,2024-01-29,0,0.0,1,3.0,1,3.0,1,2.0,0,1,5,58,55
124,Quick 8,8,2024-01-29,0,0.0,1,6.0,1,6.0,0,0.0,0,1,5,58,55
125,Pole Position,20,2024-01-29,0,0.0,1,12.0,1,12.0,0,0.0,0,1,5,58,55
126,Cockpit,10,2024-01-29,0,0.0,1,7.0,0,0.0,0,0.0,0,1,5,58,55
127,Pit-Lane,4,2024-01-30,1,2.0,0,0.0,0,0.0,1,3.0,1,1,5,64,70
128,Dry-lane,4,2024-01-30,1,3.0,0,0.0,0,0.0,0,0.0,1,1,5,64,70
129,Joker Lap,4,2024-01-30,1,2.0,1,2.0,1,2.0,0,0.0,1,1,5,64,70
130,Quick 8,8,2024-01-30,1,5.0,0,0.0,0,0.0,0,0.0,1,1,5,64,70
131,Pole Position,20,2024-01-30,1,17.0,0,0.0,0,0.0,1,13.0,1,1,5,64,70
132,Cockpit,10,2024-01-30,1,9.0,1,7.0,1,6.0,0,0.0,1,1,5,64,70
133,Pit-Lane,4,2024-01-31,1,3.0,0,0.0,0,0.0,1,3.0,2,1,5,70,63
134,Dry-lane,4,2024-01-31,1,3.0,1,3.0,1,3.0,0,0.0,2,1,5,70,63
135,Joker Lap,4,2024-01-31,1,3.0,1,2.0,0,0.0,1,4.0,2,1,5,70,63
136,Quick 8,8,2024-01-31,1,5.0,1,4.0,0,0.0,0,0.0,2,1,5,70,63
137,Pole Position,20,2024-01-31,1,10.0,0,0.0,0,0.0,1,16.0,2,1,5,70,63
138,Cockpit,10,2024-01-31,0,0.0,0,0.0,0,0.0,0,0.0,2,1,5,70,63
139,Pit-Lane,4,2024-02-01,0,0.0,1,3.0,0,0.0,0,0.0,3,2,5,61,72
140,Dry-lane,4,2024-02-01,1,2.0,0,0.0,0,0.0,1,2.0,3,2,5,61,72
141,Joker Lap,4,2024-02-01,0,0.0,1,2.0,1,3.0,1,2.0,3,2,5,61,72
142,Quick 8,8,2024-02-01,0,0.0,1,7.0,1,8.0,0,0.0,3,2,5,61,72
143,Pole Position,20,2024-02-01,0,0.0,0,0.0,0,0.0,0,0.0,3,2,5,61,72
144,Cockpit,10,2024-02-01,1,7.0,1,5.0,0,0.0,1,7.0,3,2,5,61,72
145,Pit-Lane,4,2024-02-02,0,0.0,1,4.0,0,0.0,0,0.0,4,2,5,72,78
146,Dry-lane,4,2024-02-02,1,3.0,1,4.0,0,0.0,1,2.0,4,2,5,72,78
147,Joker Lap,4,2024-02-02,1,4.0,0,0.0,1,2.0,0,0.0,4,2,5,72,78
148,Quick 8,8,2024-02-02,1,8.0,0,0.0,0,0.0,1,7.0,4,2,5,72,78
149,Pole Position,20,2024-02-02,0,0.0,0,0.0,1,10.0,1,19.0,4,2,5,72,78
150,Cockpit,10,2024-02-02,0,0.0,0,0.0,0,0.0,1,10.0,4,2,5,72,78
151,Pit-Lane,4,2024-02-05,1,3.0,1,3.0,1,2.0,1,3.0,0,2,6,73,69
152,Dry-lane,4,2024-02-05,1,3.0,1,3.0,1,4.0,0,0.0,0,2,6,73,69
153,Joker Lap,4,2024-02-05,0,0.0,1,4.0,0,0.0,0,0.0,0,2,6,73,69
154,Quick 8,8,2024-02-05,1,6.0,0,0.0,0,0.0,1,6.0,0,2,6,73,69
155,Pole Position,20,2024-02-05,1,12.0,1,19.0,1,12.0,0,0.0,0,2,6,73,69
156,Cockpit,10,2024-02-05,0,0.0,1,5.0,0,0.0,1,6.0,0,2,6,73,69
157,Pit-Lane,4,2024-02-06,0,0.0,1,3.0,1,3.0,0,0.0,1,2,6,64,60
158,Dry-lane,4,2024-02-06,1,4.0,0,0.0,1,2.0,1,3.0,1,2,6,64,60
159,Joker Lap,4,2024-02-06,1,2.0,0,0.0,1,2.0,0,0.0,1,2,6,64,60
160,Quick 8,8,2024-02-06,0,0.0,0,0.0,0,0.0,1,6.0,1,2,6,64,60
161,Pole Position,20,2024-02-06,1,19.0,0,0.0,0,0.0,0,0.0,1,2,6,64,60
162,Cockpit,10,2024-02-06,1,7.0,0,0.0,0,0.0,1,10.0,1,2,6,64,60
163,Pit-Lane,4,2024-02-07,0,0.0,1,2.0,1,2.0,0,0.0,2,2,6,74,63
164,Dry-lane,4,2024-02-07,1,3.0,0,0.0,1,3.0,0,0.0,2,2,6,74,63
165,Joker Lap,4,2024-02-07,1,2.0,1,4.0,1,2.0,1,2.0,2,2,6,74,63
166,Quick 8,8,2024-02-07,0,0.0,0,0.0,0,0.0,1,5.0,2,2,6,74,63
167,Pole Position,20,2024-02-07,0,0.0,1,16.0,0,0.0,0,0.0,2,2,6,74,63
168,Cockpit,10,2024-02-07,0,0.0,1,5.0,1,9.0,1,6.0,2,2,6,74,63
169,Pit-Lane,4,2024-02-08,0,0.0,0,0.0,0,0.0,0,0.0,3,2,6,60,62
170,Dry-lane,4,2024-02-08,1,2.0,0,0.0,1,3.0,1,3.0,3,2,6,60,62
171,Joker Lap,4,2024-02-08,1,4.0,0,0.0,1,4.0,1,3.0,3,2,6,60,62
172,Quick 8,8,2024-02-08,1,5.0,0,0.0,1,8.0,1,8.0,3,2,6,60,62
173,Pole Position,20,2024-02-08,0,0.0,1,14.0,0,0.0,0,0.0,3,2,6,60,62
174,Cockpit,10,2024-02-08,0,0.0,0,0.0,1,5.0,1,5.0,3,2,6,60,62
175,Pit-Lane,4,2024-02-09,1,2.0,0,0.0,1,3.0,1,3.0,4,2,6,71,72
176,Dry-lane,4,2024-02-09,0,0.0,0,0.0,1,2.0,1,3.0,4,2,6,71,72
177,Joker Lap,4,2024-02-09,1,2.0,0,0.0,0,0.0,0,0.0,4,2,6,71,72
178,Quick 8,8,2024-02-09,1,6.0,1,8.0,0,0.0,0,0.0,4,2,6,71,72
179,Pole Position,20,2024-02-09,1,14.0,1,15.0,0,0.0,1,15.0,4,2,6,71,72
180,Cockpit,10,2024-02-09,1,10.0,1,6.0,1,8.0,1,6.0,4,2,6,71,72
181,Pit-Lane,4,2024-02-12,0,0.0,1,3.0,1,2.0,0,0.0,0,2,7,56,67
182,Dry-lane,4,2024-02-12,1,3.0,0,0.0,1,3.0,0,0.0,0,2,7,56,67
183,Joker Lap,4,2024-02-12,0,0.0,1,4.0,1,3.0,0,0.0,0,2,7,56,67
184,Quick 8,8,2024-02-12,1,8.0,1,8.0,0,0.0,1,7.0,0,2,7,56,67
185,Pole Position,20,2024-02-12,1,12.0,1,13.0,0,0.0,0,0.0,0,2,7,56,67
186,Cockpit,10,2024-02-12,1,10.0,0,0.0,1,8.0,1,5.0,0,2,7,56,67
187,Pit-Lane,4,2024-02-13,0,0.0,0,0.0,0,0.0,0,0.0,1,2,7,61,72
188,Dry-lane,4,2024-02-13,1,3.0,1,3.0,0,0.0,0,0.0,1,2,7,61,72
189,Joker Lap,4,2024-02-13,0,0.0,1,4.0,1,2.0,0,0.0,1,2,7,61,72
190,Quick 8,8,2024-02-13,1,6.0,1,6.0,0,0.0,1,6.0,1,2,7,61,72
191,Pole Position,20,2024-02-13,0,0.0,0,0.0,1,17.0,1,16.0,1,2,7,61,72
192,Cockpit,10,2024-02-13,0,0.0,0,0.0,1,6.0,0,0.0,1,2,7,61,72
193,Pit-Lane,4,2024-02-14,1,3.0,1,2.0,1,3.0,1,3.0,2,2,7,62,61
194,Dry-lane,4,2024-02-14,0,0.0,1,2.0,0,0.0,1,4.0,2,2,7,62,61
195,Joker Lap,4,2024-02-14,1,4.0,1,2.0,1,2.0,0,0.0,2,2,7,62,61
196,Quick 8,8,2024-02-14,0,0.0,1,6.0,1,6.0,1,5.0,2,2,7,62,61
197,Pole Position,20,2024-02-14,1,17.0,1,11.0,0,0.0,1,13.0,2,2,7,62,61
198,Cockpit,10,2024-02-14,0,0.0,1,9.0,1,6.0,0,0.0,2,2,7,62,61
199,Pit-Lane,4,2024-02-15,1,3.0,0,0.0,1,3.0,0,0.0,3,2,7,63,74
200,Dry-lane,4,2024-02-15,1,2.0,0,0.0,1,2.0,0,0.0,3,2,7,63,74
201,Joker Lap,4,2024-02-15,0,0.0,0,0.0,1,4.0,0,0.0,3,2,7,63,74
202,Quick 8,8,2024-02-15,0,0.0,0,0.0,1,7.0,0,0.0,3,2,7,63,74
203,Pole Position,20,2024-02-15,0,0.0,0,0.0,1,19.0,0,0.0,3,2,7,63,74
204,Cockpit,10,2024-02-15,1,7.0,0,0.0,0,0.0,0,0.0,3,2,7,63,74
205,Pit-Lane,4,2024-02-16,1,3.0,1,3.0,0,0.0,1,3.0,4,2,7,68,63
206,Dry-lane,4,2024-02-16,1,3.0,0,0.0,1,4.0,0,0.0,4,2,7,68,63
207,Joker Lap,4,2024-02-16,1,3.0,0,0.0,1,3.0,0,0.0,4,2,7,68,63
208,Quick 8,8,2024-02-16,1,7.0,0,0.0,1,4.0,1,8.0,4,2,7,68,63
209,Pole Position,20,2024-02-16,1,14.0,0,0.0,1,10.0,0,0.0,4,2,7,68,63
210,Cockpit,10,2024-02-16,0,0.0,0,0.0,0,0.0,0,0.0,4,2,7,68,63
211,Pit-Lane,4,2024-02-19,0,0.0,0,0.0,1,2.0,1,3.0,0,2,8,72,73
212,Dry-lane,4,2024-02-19,0,0.0,0,0.0,1,4.0,0,0.0,0,2,8,72,73
213,Joker Lap,4,2024-02-19,0,0.0,0,0.0,1,2.0,1,2.0,0,2,8,72,73
214,Quick 8,8,2024-02-19,0,0.0,0,0.0,1,8.0,0,0.0,0,2,8,72,73
215,Pole Position,20,2024-02-19,0,0.0,0,0.0,1,15.0,0,0.0,0,2,8,72,73
216,Cockpit,10,2024-02-19,1,5.0,0,0.0,1,10.0,1,7.0,0,2,8,72,73
217,Pit-Lane,4,2024-02-20,1,2.0,0,0.0,1,3.0,1,3.0,1,2,8,73,67
218,Dry-lane,4,2024-02-20,1,3.0,1,4.0,0,0.0,1,4.0,1,2,8,73,67
219,Joker Lap,4,2024-02-20,0,0.0,1,2.0,1,3.0,1,2.0,1,2,8,73,67
220,Quick 8,8,2024-02-20,1,5.0,1,8.0,0,0.0,0,0.0,1,2,8,73,67
221,Pole Position,20,2024-02-20,1,16.0,0,0.0,1,17.0,1,14.0,1,2,8,73,67
222,Cockpit,10,2024-02-20,1,5.0,0,0.0,1,7.0,1,5.0,1,2,8,73,67
223,Pit-Lane,4,2024-02-21,0,0.0,1,2.0,1,2.0,0,0.0,2,2,8,70,71
224,Dry-lane,4,2024-02-21,1,4.0,1,2.0,0,0.0,0,0.0,2,2,8,70,71
225,Joker Lap,4,2024-02-21,0,0.0,0,0.0,1,2.0,0,0.0,2,2,8,70,71
226,Quick 8,8,2024-02-21,1,8.0,0,0.0,0,0.0,0,0.0,2,2,8,70,71
227,Pole Position,20,2024-02-21,0,0.0,0,0.0,1,17.0,0,0.0,2,2,8,70,71
228,Cockpit,10,2024-02-21,0,0.0,1,9.0,0,0.0,0,0.0,2,2,8,70,71
229,Pit-Lane,4,2024-02-22,0,0.0,0,0.0,1,3.0,0,0.0,3,2,8,74,61
230,Dry-lane,4,2024-02-22,0,0.0,0,0.0,0,0.0,0,0.0,3,2,8,74,61
231,Joker Lap,4,2024-02-22,0,0.0,1,3.0,1,2.0,1,3.0,3,2,8,74,61
232,Quick 8,8,2024-02-22,0,0.0,0,0.0,0,0.0,1,5.0,3,2,8,74,61
233,Pole Position,20,2024-02-22,0,0.0,1,14.0,1,10.0,0,0.0,3,2,8,74,61
234,Cockpit,10,2024-02-22,0,0.0,0,0.0,1,7.0,0,0.0,3,2,8,74,61
235,Pit-Lane,4,2024-02-23,0,0.0,1,3.0,0,0.0,1,4.0,4,2,8,63,68
236,Dry-lane,4,2024-02-23,0,0.0,0,0.0,1,3.0,1,3.0,4,2,8,63,68
237,Joker Lap,4,2024-02-23,1,3.0,1,3.0,1,2.0,0,0.0,4,2,8,63,68
238,Quick 8,8,2024-02-23,0,0.0,1,4.0,0,0.0,1,6.0,4,2,8,63,68
239,Pole Position,20,2024-02-23,1,13.0,1,16.0,1,11.0,1,12.0,4,2,8,63,68
240,Cockpit,10,2024-02-23,0,0.0,0,0.0,0,0.0,1,9.0,4,2,8,63,68
241,Pit-Lane,4,2024-02-26,1,2.0,0,0.0,0,0.0,1,3.0,0,2,9,71,70
242,Dry-lane,4,2024-02-26,1,2.0,0,0.0,0,0.0,1,2.0,0,2,9,71,70
243,Joker Lap,4,2024-02-26,0,0.0,1,2.0,0,0.0,1,3.0,0,2,9,71,70
244,Quick 8,8,2024-02-26,0,0.0,0,0.0,0,0.0,0,0.0,0,2,9,71,70
245,Pole Position,20,2024-02-26,1,19.0,0,0.0,0,0.0,0,0.0,0,2,9,71,70
246,Cockpit,10,2024-02-26,0,0.0,0,0.0,0,0.0,1,7.0,0,2,9,71,70
247,Pit-Lane,4,2024-02-27,0,0.0,0,0.0,0,0.0,0,0.0,1,2,9,59,54
248,Dry-lane,4,2024-02-27,1,3.0,0,0.0,0,0.0,0,0.0,1,2,9,59,54
249,Joker Lap,4,2024-02-27,0,0.0,1,4.0,1,3.0,1,3.0,1,2,9,59,54
250,Quick 8,8,2024-02-27,1,4.0,1,4.0,0,0.0,0,0.0,1,2,9,59,54
251,Pole Position,20,2024-02-27,1,15.0,1,17.0,0,0.0,1,12.0,1,2,9,59,54
252,Cockpit,10,2024-02-27,0,0.0,0,0.0,1,7.0,1,10.0,1,2,9,59,54
253,Pit-Lane,4,2024-02-28,1,4.0,0,0.0,0,0.0,0,0.0,2,2,9,68,73
254,Dry-lane,4,2024-02-28,1,4.0,0,0.0,0,0.0,1,3.0,2,2,9,68,73
255,Joker Lap,4,2024-02-28,1,4.0,1,2.0,1,2.0,1,4.0,2,2,9,68,73
256,Quick 8,8,2024-02-28,0,0.0,0,0.0,1,6.0,1,8.0,2,2,9,68,73
257,Pole Position,20,2024-02-28,0,0.0,1,10.0,0,0.0,0,0.0,2,2,9,68,73
258,Cockpit,10,2024-02-28,0,0.0,0,0.0,1,6.0,1,10.0,2,2,9,68,73
259,Pit-Lane,4,2024-02-29,1,3.0,0,0.0,0,0.0,1,3.0,3,2,9,67,62
260,Dry-lane,4,2024-02-29,1,4.0,0,0.0,1,3.0,1,4.0,3,2,9,67,62
261,Joker Lap,4,2024-02-29,1,3.0,0,0.0,1,3.0,0,0.0,3,2,9,67,62
262,Quick 8,8,2024-02-29,0,0.0,0,0.0,0,0.0,0,0.0,3,2,9,67,62
263,Pole Position,20,2024-02-29,0,0.0,1,16.0,1,13.0,0,0.0,3,2,9,67,62
264,Cockpit,10,2024-02-29,0,0.0,0,0.0,0,0.0,1,9.0,3,2,9,67,62
265,Pit-Lane,4,2024-03-01,1,3.0,1,3.0,1,3.0,0,0.0,4,3,9,62,75
266,Dry-lane,4,2024-03-01,1,2.0,1,4.0,0,0.0,1,4.0,4,3,9,62,75
267,Joker Lap,4,2024-03-01,0,0.0,1,2.0,0,0.0,1,3.0,4,3,9,62,75
268,Quick 8,8,2024-03-01,0,0.0,1,5.0,0,0.0,1,6.0,4,3,9,62,75
269,Pole Position,20,2024-03-01,1,15.0,0,0.0,1,12.0,0,0.0,4,3,9,62,75
270,Cockpit,10,2024-03-01,1,9.0,1,9.0,1,5.0,1,8.0,4,3,9,62,75
271,Pit-Lane,4,2024-03-04,0,0.0,1,2.0,0,0.0,0,0.0,0,3,10,69,73
272,Dry-lane,4,2024-03-04,0,0.0,0,0.0,0,0.0,0,0.0,0,3,10,69,73
273,Joker Lap,4,2024-03-04,1,3.0,1,3.0,1,4.0,0,0.0,0,3,10,69,73
274,Quick 8,8,2024-03-04,1,5.0,0,0.0,1,4.0,1,4.0,0,3,10,69,73
275,Pole Position,20,2024-03-04,0,0.0,0,0.0,0,0.0,1,13.0,0,3,10,69,73
276,Cockpit,10,2024-03-04,0,0.0,1,10.0,1,8.0,1,9.0,0,3,10,69,73
277,Pit-Lane,4,2024-03-05,0,0.0,1,2.0,0,0.0,0,0.0,1,3,10,73,64
278,Dry-lane,4,2024-03-05,1,3.0,0,0.0,1,3.0,0,0.0,1,3,10,73,64
279,Joker Lap,4,2024-03-05,0,0.0,0,0.0,1,3.0,0,0.0,1,3,10,73,64
280,Quick 8,8,2024-03-05,0,0.0,1,7.0,0,0.0,0,0.0,1,3,10,73,64
281,Pole Position,20,2024-03-05,1,19.0,0,0.0,0,0.0,0,0.0,1,3,10,73,64
282,Cockpit,10,2024-03-05,0,0.0,1,6.0,1,9.0,1,6.0,1,3,10,73,64
283,Pit-Lane,4,2024-03-06,1,3.0,0,0.0,1,2.0,0,0.0,2,3,10,72,78
284,Dry-lane,4,2024-03-06,1,3.0,1,2.0,1,4.0,0,0.0,2,3,10,72,78
285,Joker Lap,4,2024-03-06,1,4.0,1,3.0,0,0.0,0,0.0,2,3,10,72,78
286,Quick 8,8,2024-03-06,1,7.0,0,0.0,1,8.0,0,0.0,2,3,10,72,78
287,Pole Position,20,2024-03-06,1,17.0,1,17.0,1,17.0,1,18.0,2,3,10,72,78
288,Cockpit,10,2024-03-06,1,10.0,1,5.0,1,8.0,0,0.0,2,3,10,72,78
289,Pit-Lane,4,2024-03-07,0,0.0,1,4.0,0,0.0,0,0.0,3,3,10,78,75
290,Dry-lane,4,2024-03-07,1,3.0,1,3.0,0,0.0,0,0.0,3,3,10,78,75
291,Joker Lap,4,2024-03-07,0,0.0,1,4.0,0,0.0,0,0.0,3,3,10,78,75
292,Quick 8,8,2024-03-07,0,0.0,0,0.0,0,0.0,1,4.0,3,3,10,78,75
293,Pole Position,20,2024-03-07,0,0.0,1,17.0,0,0.0,1,13.0,3,3,10,78,75
294,Cockpit,10,2024-03-07,0,0.0,1,10.0,1,7.0,0,0.0,3,3,10,78,75
295,Pit-Lane,4,2024-03-08,1,3.0,1,3.0,0,0.0,1,4.0,4,3,10,79,62
296,Dry-lane,4,2024-03-08,1,4.0,1,4.0,0,0.0,0,0.0,4,3,10,79,62
297,Joker Lap,4,2024-03-08,0,0.0,1,3.0,1,3.0,0,0.0,4,3,10,79,62
298,Quick 8,8,2024-03-08,0,0.0,1,8.0,0,0.0,0,0.0,4,3,10,79,62
299,Pole Position,20,2024-03-08,0,0.0,0,0.0,0,0.0,1,14.0,4,3,10,79,62
300,Cockpit,10,2024-03-08,0,0.0,1,6.0,0,0.0,1,5.0,4,3,10,79,62
301,Pit-Lane,4,2024-03-11,0,0.0,1,2.0,0,0.0,1,4.0,0,3,11,62,70
302,Dry-lane,4,2024-03-11,0,0.0,0,0.0,0,0.0,1,4.0,0,3,11,62,70
303,Joker Lap,4,2024-03-11,0,0.0,1,2.0,0,0.0,1,2.0,0,3,11,62,70
304,Quick 8,8,2024-03-11,1,7.0,1,5.0,0,0.0,1,6.0,0,3,11,62,70
305,Pole Position,20,2024-03-11,0,0.0,1,18.0,0,0.0,1,12.0,0,3,11,62,70
306,Cockpit,10,2024-03-11,1,7.0,1,7.0,0,0.0,1,6.0,0,3,11,62,70
307,Pit-Lane,4,2024-03-12,0,0.0,0,0.0,1,3.0,1,4.0,1,3,11,66,68
308,Dry-lane,4,2024-03-12,1,4.0,1,2.0,0,0.0,0,0.0,1,3,11,66,68
309,Joker Lap,4,2024-03-12,0,0.0,1,4.0,0,0.0,1,3.0,1,3,11,66,68
310,Quick 8,8,2024-03-12,1,7.0,0,0.0,1,8.0,1,5.0,1,3,11,66,68
311,Pole Position,20,2024-03-12,0,0.0,1,11.0,0,0.0,0,0.0,1,3,11,66,68
312,Cockpit,10,2024-03-12,0,0.0,1,6.0,1,9.0,0,0.0,1,3,11,66,68
313,Pit-Lane,4,2024-03-13,1,3.0,1,3.0,0,0.0,0,0.0,2,3,11,80,68
314,Dry-lane,4,2024-03-13,0,0.0,1,3.0,1,3.0,1,4.0,2,3,11,80,68
315,Joker Lap,4,2024-03-13,0,0.0,1,2.0,1,3.0,1,4.0,2,3,11,80,68
316,Quick 8,8,2024-03-13,1,7.0,0,0.0,1,7.0,0,0.0,2,3,11,80,68
317,Pole Position,20,2024-03-13,1,18.0,1,20.0,0,0.0,1,13.0,2,3,11,80,68
318,Cockpit,10,2024-03-13,1,8.0,0,0.0,0,0.0,1,6.0,2,3,11,80,68
319,Pit-Lane,4,2024-03-14,1,3.0,0,0.0,0,0.0,1,4.0,3,3,11,70,67
320,Dry-lane,4,2024-03-14,1,4.0,1,4.0,1,2.0,0,0.0,3,3,11,70,67
321,Joker Lap,4,2024-03-14,0,0.0,1,2.0,1,3.0,1,3.0,3,3,11,70,67
322,Quick 8,8,2024-03-14,0,0.0,1,7.0,1,7.0,0,0.0,3,3,11,70,67
323,Pole Position,20,2024-03-14,0,0.0,0,0.0,0,0.0,0,0.0,3,3,11,70,67
324,Cockpit,10,2024-03-14,1,6.0,1,10.0,0,0.0,1,10.0,3,3,11,70,67
325,Pit-Lane,4,2024-03-15,0,0.0,1,3.0,1,4.0,1,2.0,4,3,11,70,79
326,Dry-lane,4,2024-03-15,1,3.0,0,0.0,1,3.0,1,3.0,4,3,11,70,79
327,Joker Lap,4,2024-03-15,1,3.0,0,0.0,0,0.0,1,3.0,4,3,11,70,79
328,Quick 8,8,2024-03-15,1,7.0,0,0.0,0,0.0,1,6.0,4,3,11,70,79
329,Pole Position,20,2024-03-15,1,13.0,0,0.0,1,17.0,1,19.0,4,3,11,70,79
330,Cockpit,10,2024-03-15,0,0.0,0,0.0,0,0.0,0,0.0,4,3,11,70,79
331,Pit-Lane,4,2024-03-18,1,3.0,0,0.0,1,3.0,1,2.0,0,3,12,57,62
332,Dry-lane,4,2024-03-18,0,0.0,1,4.0,0,0.0,0,0.0,0,3,12,57,62
333,Joker Lap,4,2024-03-18,1,4.0,0,0.0,1,3.0,1,4.0,0,3,12,57,62
334,Quick 8,8,2024-03-18,1,6.0,1,4.0,1,6.0,1,8.0,0,3,12,57,62
335,Pole Position,20,2024-03-18,0,0.0,0,0.0,0,0.0,0,0.0,0,3,12,57,62
336,Cockpit,10,2024-03-18,0,0.0,1,8.0,1,8.0,0,0.0,0,3,12,57,62
337,Pit-Lane,4,2024-03-19,1,2.0,0,0.0,1,3.0,0,0.0,1,3,12,66,74
338,Dry-lane,4,2024-03-19,0,0.0,1,4.0,1,3.0,1,3.0,1,3,12,66,74
339,Joker Lap,4,2024-03-19,1,4.0,0,0.0,0,0.0,0,0.0,1,3,12,66,74
340,Quick 8,8,2024-03-19,1,4.0,1,7.0,0,0.0,1,7.0,1,3,12,66,74
341,Pole Position,20,2024-03-19,0,0.0,0,0.0,0,0.0,0,0.0,1,3,12,66,74
342,Cockpit,10,2024-03-19,1,10.0,1,6.0,0,0.0,0,0.0,1,3,12,66,74
343,Pit-Lane,4,2024-03-20,1,3.0,0,0.0,1,2.0,0,0.0,2,3,12,70,71
344,Dry-lane,4,2024-03-20,1,3.0,0,0.0,0,0.0,0,0.0,2,3,12,70,71
345,Joker Lap,4,2024-03-20,0,0.0,0,0.0,1,2.0,1,3.0,2,3,12,70,71
346,Quick 8,8,2024-03-20,1,4.0,1,7.0,0,0.0,1,5.0,2,3,12,70,71
347,Pole Position,20,2024-03-20,0,0.0,1,11.0,0,0.0,0,0.0,2,3,12,70,71
348,Cockpit,10,2024-03-20,0,0.0,1,8.0,0,0.0,0,0.0,2,3,12,70,71
349,Pit-Lane,4,2024-03-21,0,0.0,0,0.0,1,4.0,0,0.0,3,3,12,64,70
350,Dry-lane,4,2024-03-21,1,3.0,1,2.0,1,2.0,1,2.0,3,3,12,64,70
351,Joker Lap,4,2024-03-21,0,0.0,0,0.0,1,3.0,0,0.0,3,3,12,64,70
352,Quick 8,8,2024-03-21,1,7.0,1,5.0,1,8.0,1,6.0,3,3,12,64,70
353,Pole Position,20,2024-03-21,1,12.0,1,15.0,0,0.0,0,0.0,3,3,12,64,70
354,Cockpit,10,2024-03-21,1,9.0,1,8.0,1,7.0,1,9.0,3,3,12,64,70
355,Pit-Lane,4,2024-03-22,0,0.0,0,0.0,1,2.0,0,0.0,4,3,12,71,65
356,Dry-lane,4,2024-03-22,1,3.0,1,4.0,0,0.0,1,2.0,4,3,12,71,65
357,Joker Lap,4,2024-03-22,1,2.0,1,3.0,0,0.0,1,3.0,4,3,12,71,65
358,Quick 8,8,2024-03-22,1,4.0,1,5.0,0,0.0,1,6.0,4,3,12,71,65
359,Pole Position,20,2024-03-22,1,19.0,0,0.0,0,0.0,1,20.0,4,3,12,71,65
360,Cockpit,10,2024-03-22,0,0.0,1,5.0,0,0.0,1,6.0,4,3,12,71,65
361,Pit-Lane,4,2024-03-25,0,0.0,1,4.0,1,3.0,1,4.0,0,3,13,49,61
362,Dry-lane,4,2024-03-25,1,3.0,1,3.0,1,4.0,0,0.0,0,3,13,49,61
363,Joker Lap,4,2024-03-25,1,3.0,1,4.0,0,0.0,1,3.0,0,3,13,49,61
364,Quick 8,8,2024-03-25,1,5.0,0,0.0,1,7.0,1,8.0,0,3,13,49,61
365,Pole Position,20,2024-03-25,0,0.0,0,0.0,0,0.0,0,0.0,0,3,13,49,61
366,Cockpit,10,2024-03-25,0,0.0,1,6.0,1,7.0,0,0.0,0,3,13,49,61
367,Pit-Lane,4,2024-03-26,0,0.0,1,4.0,0,0.0,0,0.0,1,3,13,66,67
368,Dry-lane,4,2024-03-26,0,0.0,1,3.0,0,0.0,1,4.0,1,3,13,66,67
369,Joker Lap,4,2024-03-26,0,0.0,0,0.0,0,0.0,1,3.0,1,3,13,66,67
370,Quick 8,8,2024-03-26,0,0.0,0,0.0,1,7.0,0,0.0,1,3,13,66,67
371,Pole Position,20,2024-03-26,1,16.0,0,0.0,1,14.0,1,13.0,1,3,13,66,67
372,Cockpit,10,2024-03-26,0,0.0,0,0.0,1,6.0,1,7.0,1,3,13,66,67
373,Pit-Lane,4,2024-03-27,0,0.0,1,3.0,0,0.0,1,3.0,2,3,13,69,60
374,Dry-lane,4,2024-03-27,1,3.0,1,3.0,0,0.0,1,2.0,2,3,13,69,60
375,Joker Lap,4,2024-03-27,1,3.0,1,3.0,1,2.0,1,2.0,2,3,13,69,60
376,Quick 8,8,2024-03-27,0,0.0,1,7.0,0,0.0,0,0.0,2,3,13,69,60
377,Pole Position,20,2024-03-27,1,19.0,0,0.0,1,20.0,0,0.0,2,3,13,69,60
378,Cockpit,10,2024-03-27,0,0.0,1,9.0,1,8.0,0,0.0,2,3,13,69,60
379,Pit-Lane,4,2024-03-28,0,0.0,0,0.0,1,3.0,0,0.0,3,3,13,73,59
380,Dry-lane,4,2024-03-28,0,0.0,0,0.0,0,0.0,0,0.0,3,3,13,73,59
381,Joker Lap,4,2024-03-28,0,0.0,1,2.0,0,0.0,0,0.0,3,3,13,73,59
382,Quick 8,8,2024-03-28,1,6.0,1,5.0,0,0.0,1,5.0,3,3,13,73,59
383,Pole Position,20,2024-03-28,1,16.0,0,0.0,1,10.0,1,16.0,3,3,13,73,59
384,Cockpit,10,2024-03-28,0,0.0,1,10.0,1,10.0,1,8.0,3,3,13,73,59
385,Pit-Lane,4,2024-03-29,1,4.0,0,0.0,0,0.0,0,0.0,4,3,13,63,64
386,Dry-lane,4,2024-03-29,0,0.0,1,3.0,0,0.0,0,0.0,4,3,13,63,64
387,Joker Lap,4,2024-03-29,0,0.0,1,2.0,1,4.0,0,0.0,4,3,13,63,64
388,Quick 8,8,2024-03-29,0,0.0,1,6.0,1,5.0,1,7.0,4,3,13,63,64
389,Pole Position,20,2024-03-29,0,0.0,1,10.0,1,17.0,1,18.0,4,3,13,63,64
390,Cockpit,10,2024-03-29,1,7.0,0,0.0,1,9.0,1,7.0,4,3,13,63,64
